Workbook

Sheet サブスク一覧
B2: 📋 SubLife — サブスク管理表
B4: 購入項目 | C4: 月次費用 | D4: 投資目的 | E4: カテゴリ | F4: 投資対効果 | G4: 年間費用 | H4: 使用頻度 | I4: 更新日 | J4: 備考
B5: 🤖 Claude Pro | C5: 3000 | D5: 業務効率化・コード生成 | E5: 仕事 | F5: 高 | G5: =C5*12 -> 36000 | H5: 毎日 | I5: 2026/5/1 | J5: AI アシスタント
B6: 📐 Figma Pro | C6: 2000 | D6: UIデザイン・プロトタイプ | E6: 仕事 | F6: 高 | G6: =C6*12 -> 24000 | H6: 週4〜5回 | I6: 2026/6/15 | J6: デザインツール
B7: ☁️ Notion Plus | C7: 1280 | D7: ドキュメント管理 | E7: 仕事 | F7: 中 | G7: =C7*12 -> 15360 | H7: 週2〜3回 | I7: 2026/5/20 | J7: メモ・Wiki
B8: 🗃️ Dropbox Plus | C8: 730 | D8: ファイル共有・バックアップ | E8: 仕事 | F8: 低 | G8: =C8*12 -> 8760 | H8: ほぼ未使用 | I8: 2026/7/1 | J8: 代替検討中
B9: 🎵 Spotify | C9: 980 | D9: 作業BGM・リラックス | E9: エンタメ | F9: 高 | G9: =C9*12 -> 11760 | H9: 毎日 | I9: 2026/5/5
B10: 🎬 Netflix | C10: 1490 | D10: 映画・ドラマ視聴 | E10: エンタメ | F10: 中 | G10: =C10*12 -> 17880 | H10: 週1〜2回 | I10: 2026/6/1
B11: 📖 Udemy | C11: 2000 | D11: プログラミング学習 | E11: 学習 | F11: 低 | G11: =C11*12 -> 24000 | H11: 月数回 | I11: 2026/8/10 | J11: 利用率低下中
B12: 🏋️ ライザップApp | C12: 1000 | D12: 自宅トレーニング | E12: 健康 | F12: 中 | G12: =C12*12 -> 12000 | H12: 週3〜4回 | I12: 2026/5/25 | J12: 継続検討
B13: 合計 | C13: =SUM(C5:C12) -> 12480 | G13: =SUM(G5:G12) -> 149760

Sheet ダッシュボード
B2: 📊 SubLife ダッシュボード — 投資対効果分析
B4: 今月の合計費用 | C4: 年間換算費用 | D4: 契約サービス数 | E4: ROI高（維持推奨） | F4: ROI低（解約候補） | G4: 節約余地（ROI低合計）
B5: =サブスク一覧!C13 -> 12480 | C5: =サブスク一覧!G13 -> 149760 | D5: =COUNTA(サブスク一覧!B5:B12) -> 8 | E5: =COUNTIF(サブスク一覧!F5:F12,"高") -> 3 | F5: =COUNTIF(サブスク一覧!F5:F12,"低") -> 2 | G5: =SUMIF(サブスク一覧!F5:F12,"低",サブスク一覧!C5:C12) -> 2730
B10: カテゴリ別 費用内訳
B11: カテゴリ | C11: 月次合計 | D11: 年間合計 | E11: ROI高 | F11: ROI中 | G11: ROI低 | H11: 構成比
B12: 仕事 | C12: =SUMIF(サブスク一覧!E5:E12,"仕事",サブスク一覧!C5:C12) -> 7010 | D12: =C12*12 -> 84120 | E12: =COUNTIFS(サブスク一覧!E5:E12,"仕事",サブスク一覧!F5:F12,"高") -> 2 | F12: =COUNTIFS(サブスク一覧!E5:E12,"仕事",サブスク一覧!F5:F12,"中") -> 1 | G12: =COUNTIFS(サブスク一覧!E5:E12,"仕事",サブスク一覧!F5:F12,"低") -> 1 | H12: =IFERROR(C12/サブスク一覧!C13,0) -> 0.56169872
B13: エンタメ | C13: =SUMIF(サブスク一覧!E5:E12,"エンタメ",サブスク一覧!C5:C12) -> 2470 | D13: =C13*12 -> 29640 | E13: =COUNTIFS(サブスク一覧!E5:E12,"エンタメ",サブスク一覧!F5:F12,"高") -> 1 | F13: =COUNTIFS(サブスク一覧!E5:E12,"エンタメ",サブスク一覧!F5:F12,"中") -> 1 | G13: =COUNTIFS(サブスク一覧!E5:E12,"エンタメ",サブスク一覧!F5:F12,"低") -> 0 | H13: =IFERROR(C13/サブスク一覧!C13,0) -> 0.19791667
B14: 学習 | C14: =SUMIF(サブスク一覧!E5:E12,"学習",サブスク一覧!C5:C12) -> 2000 | D14: =C14*12 -> 24000 | E14: =COUNTIFS(サブスク一覧!E5:E12,"学習",サブスク一覧!F5:F12,"高") -> 0 | F14: =COUNTIFS(サブスク一覧!E5:E12,"学習",サブスク一覧!F5:F12,"中") -> 0 | G14: =COUNTIFS(サブスク一覧!E5:E12,"学習",サブスク一覧!F5:F12,"低") -> 1 | H14: =IFERROR(C14/サブスク一覧!C13,0) -> 0.16025641
B15: 健康 | C15: =SUMIF(サブスク一覧!E5:E12,"健康",サブスク一覧!C5:C12) -> 1000 | D15: =C15*12 -> 12000 | E15: =COUNTIFS(サブスク一覧!E5:E12,"健康",サブスク一覧!F5:F12,"高") -> 0 | F15: =COUNTIFS(サブスク一覧!E5:E12,"健康",サブスク一覧!F5:F12,"中") -> 1 | G15: =COUNTIFS(サブスク一覧!E5:E12,"健康",サブスク一覧!F5:F12,"低") -> 0 | H15: =IFERROR(C15/サブスク一覧!C13,0) -> 0.080128205
B18: 投資対効果（ROI）サマリー
B19: ROI評価 | C19: 件数 | D19: 月次合計 | E19: 年間合計 | F19: 推奨アクション
B20: ROI 高 | C20: =COUNTIF(サブスク一覧!F5:F12,"高") -> 3 | D20: =SUMIF(サブスク一覧!F5:F12,"高",サブスク一覧!C5:C12) -> 5980 | E20: =D20*12 -> 71760 | F20: ✅ 維持を推奨
B21: ROI 中 | C21: =COUNTIF(サブスク一覧!F5:F12,"中") -> 3 | D21: =SUMIF(サブスク一覧!F5:F12,"中",サブスク一覧!C5:C12) -> 3770 | E21: =D21*12 -> 45240 | F21: 👀 利用状況を観察
B22: ROI 低 | C22: =COUNTIF(サブスク一覧!F5:F12,"低") -> 2 | D22: =SUMIF(サブスク一覧!F5:F12,"低",サブスク一覧!C5:C12) -> 2730 | E22: =D22*12 -> 32760 | F22: 🚨 解約を検討

Sheet 月次レビュー
B2: 🔍 月次レビューシート — 2026年4月
B3: 毎月のサブスクを振り返り、「今月も使ったか？」「解約すべきか？」を判断しましょう
B4: 購入項目 | C4: 月次費用 | D4: 投資目的 | E4: ROI | F4: 今月の使用 | G4: レビュー判定 | H4: アクション | I4: コメント
B5: 🤖 Claude Pro | C5: 3000 | D5: 業務効率化・コード生成 | E5: 高 | F5: 毎日 | G5: ✅ 継続 | H5: 維持を推奨
B6: 📐 Figma Pro | C6: 2000 | D6: UIデザイン・プロトタイプ | E6: 高 | F6: 週4〜5回 | G6: ✅ 継続 | H6: 維持を推奨
B7: ☁️ Notion Plus | C7: 1280 | D7: ドキュメント管理 | E7: 中 | F7: 週2〜3回 | G7: 👀 様子見 | H7: 利用状況を確認
B8: 🗃️ Dropbox Plus | C8: 730 | D8: ファイル共有・バックアップ | E8: 低 | F8: ほぼ未使用 | G8: 🚨 解約予定 | H8: 解約を検討
B9: 🎵 Spotify | C9: 980 | D9: 作業BGM・リラックス | E9: 高 | F9: 毎日 | G9: ✅ 継続 | H9: 維持を推奨
B10: 🎬 Netflix | C10: 1490 | D10: 映画・ドラマ視聴 | E10: 中 | F10: 週1〜2回 | G10: 👀 様子見 | H10: 利用状況を確認
B11: 📖 Udemy | C11: 2000 | D11: プログラミング学習 | E11: 低 | F11: 月数回 | G11: 🚨 解約予定 | H11: 解約を検討
B12: 🏋️ ライザップApp | C12: 1000 | D12: 自宅トレーニング | E12: 中 | F12: 週3〜4回 | G12: 👀 様子見 | H12: 利用状況を確認
B13: 月次合計: ¥12,480 / 年間換算: ¥149,760
